year,curtailment_risk_hours,total_spring_hours,curtailment_risk_pct,renewable_pct
2015,393,2207,17.81,10.299166666666666
2016,425,2207,19.26,13.186749999999998
2017,393,2207,17.81,15.831916666666666
2018,433,2207,19.62,16.976833333333335
2019,433,2207,19.62,18.704333333333334
2020,463,2207,20.98,21.880750000000003
2021,452,2207,20.48,24.660833333333333
2022,381,2207,17.26,26.959166666666665
2023,406,2207,18.4,28.216583333333332
2024,433,2207,19.62,30.212666666666667
